-- Drop tables
DROP TABLE IF EXISTS player_contracts, player_attributes, players, clubs;

-- Clubs details
CREATE TABLE clubs (
  club_id TEXT PRIMARY KEY,
  club_name VARCHAR(120) UNIQUE NOT NULL
);

-- Players details
CREATE TABLE players (
  player_id   INT PRIMARY KEY,         
  player_name TEXT NOT NULL,   
  age         INT,                     
  nationality TEXT, 
  preferred_foot TEXT,          
  body_type     TEXT,           
  height     TEXT,                   
  weight     TEXT                    
);

-- Player attributes/ratings
CREATE TABLE player_attributes (
  player_attributes_id serial primary key,  
  player_id INT REFERENCES players(player_id),
  overall   INT,
  potential INT,
  international_reputation INT,  -- 1–5
  weak_foot  INT,                -- 1–5
  skill_moves INT,               -- 1–5
  work_rate   VARCHAR(30),       -- 'High/Med'
  position    VARCHAR(10),       -- ST, CM, GK
  heading_accuracy INT,
  dribbling        INT,
  agility          INT,
  penalties        INT
);

--Player and club contract and finances
CREATE TABLE player_contracts (
  player_contract_id serial,  
  player_id INT REFERENCES players(player_id),
  club_id   TEXT REFERENCES clubs(club_id),
  joined DATE,                 
  contract_valid_until INT,      
  jersey_number INT,
  value   NUMERIC(12,0),  -- market value
  wage INT,
  release_clause INT
);

-- INSERT INTO clubs
INSERT INTO clubs (club_id, club_name) VALUES
('CL1', ' SSV Jahn Regensburg'),
('CL112', 'Çaykur Rizespor'),
('CL137', 'Chelsea'),
('CL423', 'Örebro SK'),
('CL427', 'Östersunds FK'),
('CL473', 'Real Madrid'),
('CL2', ' FC Heidenheim 1846'),
('CL3', ' FC Kaiserslautern'),
('CL4', ' FC Köln'),
('CL5', ' FC Magdeburg'),
('CL6', ' FC Nürnberg'),
('CL7', ' FC Union Berlin'),
('CL8', ' FSV Mainz 05'),
('CL9', 'Aalborg BK'),
('CL10', 'Aarhus GF'),
('CL11', 'Aberdeen'),
('CL12', 'AC Ajaccio'),
('CL13', 'AC Horsens'),
('CL14', 'Accrington Stanley'),
('CL15', 'AD Alcorcón'),
('CL16', 'Adelaide United'),
('CL17', 'ADO Den Haag'),
('CL18', 'AEK Athens'),
('CL19', 'AFC Wimbledon'),
('CL20', 'AIK'),
('CL21', 'AJ Auxerre'),
('CL22', 'Ajax'),
('CL23', 'Akhisar Belediyespor'),
('CL24', 'Al Ahli'),
('CL25', 'Al Batin'),
('CL26', 'Al Faisaly'),
('CL27', 'Al Fateh'),
('CL28', 'Al Fayha'),
('CL29', 'Al Hazem'),
('CL30', 'Al Hilal'),
('CL31', 'Al Ittihad'),
('CL32', 'Al Nassr'),
('CL33', 'Al Qadisiyah'),
('CL34', 'Al Raed'),
('CL35', 'Al Shabab'),
('CL36', 'Al Taawoun'),
('CL37', 'Al Wehda'),
('CL38', 'Alanyaspor'),
('CL39', 'Albacete BP'),
('CL40', 'Alianza Petrolera'),
('CL41', 'América de Cali'),
('CL42', 'América FC (Minas Gerais)'),
('CL43', 'Amiens SC'),
('CL44', 'Angers SCO'),
('CL45', 'Antalyaspor'),
('CL46', 'Argentinos Juniors'),
('CL47', 'Arka Gdynia'),
('CL48', 'Arsenal'),
('CL49', 'AS Béziers'),
('CL50', 'AS Monaco'),
('CL51', 'AS Nancy Lorraine'),
('CL52', 'AS Saint-Étienne'),
('CL53', 'Ascoli'),
('CL54', 'Aston Villa'),
('CL55', 'Atalanta'),
('CL56', 'Athletic Club de Bilbao'),
('CL57', 'Atiker Konyaspor'),
('CL58', 'Atlanta United'),
('CL59', 'Atlético Bucaramanga'),
('CL60', 'Atlético Huila'),
('CL61', 'Atlético Madrid'),
('CL62', 'Atlético Mineiro'),
('CL63', 'Atlético Nacional'),
('CL64', 'Atlético Paranaense'),
('CL65', 'Atlético Tucumán'),
('CL66', 'Audax Italiano'),
('CL67', 'AZ Alkmaar'),
('CL68', 'Bahia'),
('CL69', 'Barnsley'),
('CL70', 'Bayer 04 Leverkusen'),
('CL71', 'BB Erzurumspor'),
('CL72', 'Beijing Renhe FC'),
('CL73', 'Beijing Sinobo Guoan FC'),
('CL74', 'Belgrano de Córdoba'),
('CL75', 'Benevento'),
('CL76', 'Beşiktaş JK'),
('CL77', 'Birmingham City'),
('CL78', 'BK Häcken'),
('CL79', 'Blackburn Rovers'),
('CL80', 'Blackpool'),
('CL81', 'Boavista FC'),
('CL82', 'Boca Juniors'),
('CL83', 'Bohemian FC'),
('CL84', 'Bologna'),
('CL85', 'Bolton Wanderers'),
('CL86', 'Borussia Dortmund'),
('CL87', 'Borussia Mönchengladbach'),
('CL88', 'Botafogo'),
('CL89', 'Bournemouth'),
('CL90', 'Boyacá Chicó FC'),
('CL91', 'Bradford City'),
('CL92', 'Bray Wanderers'),
('CL93', 'Brentford'),
('CL94', 'Brescia'),
('CL95', 'Brighton & Hove Albion');

-- INSERT INTO players
INSERT INTO players (player_id, player_name, age, nationality, preferred_foot, body_type, height, weight) VALUES
(211920, 'M. Grüttner', 32, 'Germany', NULL, NULL, '6''1', '185lbs'),
(156437, 'P. Pentke', 33, 'Germany', 'Right', 'Normal', '6''3', '187lbs'),
(193679, 'M. Correia', 29, 'Portugal', 'Right', 'Normal', '6''1', '179lbs'),
(218534, 'S. Adamyan', 25, 'Armenia', 'Right', 'Normal', '6''0', '170lbs'),
(225939, 'J. George', 25, 'Germany', 'Right', 'Stocky', '5''9', '165lbs'),
(209194, 'S. Nachreiner', 29, 'Germany', 'Right', 'Lean', '6''2', '170lbs'),
(238666, 'A. Nandzik', 25, 'Germany', 'Left', 'Normal', '5''8', '154lbs'),
(210004, 'B. Saller', 25, 'Germany', 'Right', 'Normal', '5''10', '154lbs'),
(213644, 'A. Geipl', 26, 'Germany', 'Right', 'Lean', '5''10', '161lbs'),
(205455, 'A. Weis', 28, 'Germany', 'Right', 'Normal', '6''2', '185lbs'),
(208637, 'M. Lais', 27, 'Germany', 'Right', 'Lean', '6''0', '152lbs'),
(238594, 'A. Dej', 26, 'Poland', 'Right', 'Normal', '5''9', '163lbs'),
(238642, 'J. Nietfeld', 24, 'Germany', 'Right', 'Normal', '6''1', '183lbs'),
(229277, 'J. Föhrenbach', 22, 'Germany', 'Left', 'Normal', '6''0', '179lbs'),
(229923, 'S. Stolze', 23, 'Germany', 'Right', 'Lean', '6''0', '154lbs'),
(165176, 'S. Freis', 33, 'Germany', NULL, 'Normal', '6''0', '172lbs'),
(221024, 'A. Sørensen', 22, 'Denmark', 'Right', 'Normal', '6''3', '174lbs'),
(208983, 'O. Hein', 28, 'Germany', 'Right', 'Normal', '5''9', '148lbs'),
(204637, 'J. Derstroff', 26, 'Germany', 'Left', 'Normal', '6''0', '165lbs'),
(238780, 'D. Volkmer', 22, 'Germany', 'Left', 'Normal', '6''4', '194lbs'),
(239121, 'H. Al Ghaddioui', 27, 'Morocco', 'Right', 'Normal', '6''3', '203lbs'),
(244280, 'A. Fein', 19, 'Germany', 'Right', 'Normal', '6''2', '179lbs'),
(176592, 'M. Palionis', 31, 'Lithuania', 'Right', NULL, '6''4', '198lbs'),
(238667, 'A. Odabas', 24, 'Germany', 'Left', 'Normal', '6''2', '172lbs'),
(240027, 'A. Vrenezi', 24, 'Kosovo', 'Right', 'Normal', '5''10', '143lbs'),
(238669, 'S. Kopp', 23, 'Germany', 'Right', 'Lean', '6''6', '194lbs'),
(239494, 'M. Thalhammer', 20, 'Germany', 'Right', 'Lean', '6''3', '181lbs'),
(228510, 'H. Hyseni', 25, 'Germany', 'Right', 'Normal', '6''4', '194lbs'),
(240218, 'A. Weidinger', 21, 'Germany', 'Right', 'Normal', '6''6', '194lbs'),
(229092, 'A. Umar', 23, 'Nigeria', 'Right', 'Normal', '5''9', '159lbs'),
(199601, 'M. Çağıran', 25, 'Turkey', NULL, 'Stocky', '5''11', '181lbs'),
(162503, 'O. Gladkyi', 30, 'Ukraine', 'Right', 'Lean', '6''2', '176lbs'),
(175897, 'S. Ujkani', 29, 'Kosovo', 'Right', 'Normal', '6''2', '192lbs'),
(211815, 'S. Koç', 29, 'Germany', 'Right', 'Normal', '5''10', '176lbs'),
(183769, 'A. Çamdalı', 34, 'Germany', 'Right', 'Normal', '6''1', '165lbs'),
(209372, 'M. Saymak', 25, 'Netherlands', 'Right', 'Normal', '5''7', '139lbs'),
(181236, 'Fernando Boldrin', 29, 'Brazil', 'Right', 'Normal', '5''11', '165lbs'),
(204121, 'J. Brabec', 25, 'Czech Republic', 'Right', 'Normal', '6''2', '183lbs'),
(244628, 'B. Samudio', 22, 'Paraguay', 'Right', 'Lean', '5''11', '174lbs'),
(219046, 'D. Ismail', 24, 'Iraq', 'Left', 'Lean', '5''10', '165lbs'),
(169464, 'A. Traoré', 28, 'Senegal', 'Left', 'Lean', '6''1', '181lbs'),
(209746, 'K. Altınay', 26, 'Turkey', 'Right', 'Stocky', '5''11', '190lbs'),
(178077, 'M. Uslu', 30, 'Turkey', 'Left', 'Normal', '5''9', '148lbs'),
(191192, 'D. Petrucci', 26, 'Italy', 'Right', 'Lean', '6''0', '168lbs'),
(223195, 'O. Ovacıklı', 29, 'Turkey', 'Right', NULL, '5''10', '157lbs'),
(223710, 'V. Muriqi', 24, 'Kosovo', NULL, 'Lean', '6''4', '190lbs'),
(229637, 'G. Akkan', 23, 'Turkey', 'Right', 'Normal', '6''1', '176lbs'),
(126883, 'A. Durak', 31, 'Turkey', 'Right', 'Normal', '5''11', '176lbs'),
(223306, 'J. Jach', 24, 'Poland', 'Left', 'Lean', '6''4', '179lbs'),
(211987, 'R. Yalçın', 24, 'Germany', 'Right', 'Normal', '6''0', '170lbs'),
(235890, 'M. Saadane', 26, 'Morocco', 'Right', 'Normal', '6''2', '165lbs'),
(235891, 'M. Fink', 28, 'Slovenia', 'Right', 'Lean', '5''9', '154lbs'),
(229638, 'M. Kuleli', 20, 'Turkey', 'Right', 'Normal', '6''0', '176lbs'),
(227502, 'M. Balcılar', 22, 'Turkey', 'Right', 'Lean', '5''7', '146lbs'),
(236563, 'F. Şimşek', 20, 'Germany', 'Left', 'Lean', '6''1', '165lbs'),
(245431, 'C. Topaloglu', 26, 'Turkey', 'Left', 'Normal', '6''1', '174lbs'),
(245410, 'M. Talbi', 20, 'France', 'Right', 'Lean', '5''10', '163lbs'),
(236564, 'O. Malcı', 22, 'Turkey', 'Right', 'Lean', '6''1', '163lbs'),
(237559, 'B. Delihasan', 19, 'Turkey', 'Right', 'Lean', '5''8', '148lbs'),
(197240, 'N. Besara', 27, 'Sweden', 'Right', 'Lean', '6''0', '168lbs'),
(190669, 'O. Jansson', 27, 'Sweden', NULL, 'Normal', '6''2', '181lbs'),
(181013, 'N. Gerzić', 34, 'Sweden', 'Right', 'Normal', '5''9', '174lbs'),
(197941, 'K. Igboananike', 29, 'Nigeria', 'Right', 'Normal', '5''9', '154lbs'),
(181298, 'M. Almebäck', 30, 'Sweden', 'Right', 'Normal', '6''0', '183lbs'),
(231488, 'M. Omoh', 26, 'Nigeria', 'Right', 'Normal', '6''1', '183lbs'),
(197983, 'M. Lorentzson', 33, 'Sweden', 'Right', 'Lean', '5''10', '159lbs'),
(237538, 'F. Rogic', 25, 'Sweden', 'Right', NULL, '5''11', '170lbs'),
(188970, 'J. Mårtensson', 29, 'Sweden', 'Right', 'Lean', '5''11', '165lbs'),
(199774, 'J. Bertilsson', 30, 'Sweden', 'Right', 'Normal', '5''10', '150lbs'),
(233213, 'V. Tranberg', 21, 'Denmark', 'Right', 'Normal', '6''3', '168lbs'),
(221206, 'D. Björnquist', 29, 'Sweden', 'Right', 'Normal', '5''10', '170lbs'),
(226654, 'S. Ring', 23, 'Sweden', 'Left', 'Lean', '5''10', '163lbs'),
(236047, 'A. Granlund', 28, 'Finland', 'Right', 'Normal', '5''10', '174lbs'),
(220970, 'V. Sköld', 28, 'Sweden', 'Right', 'Normal', '5''11', '176lbs'),
(238703, 'A. Brorsson', 19, 'Sweden', 'Right', 'Lean', '6''2', '179lbs'),
(240364, 'I. Boye', 21, 'Nigeria', NULL, 'Normal', '6''2', '181lbs'),
(245362, 'Fabio', 22, 'Brazil', 'Right', 'Normal', '6''2', '198lbs'),
(241955, 'S. Amin', 20, 'Syria', 'Right', 'Normal', '6''0', '150lbs'),
(243051, 'R. Deprem', 20, 'Sweden', 'Right', 'Normal', '5''10', '154lbs'),
(234950, 'A. Ajdarević', 20, 'Albania', 'Left', 'Lean', '6''1', '157lbs'),
(242262, 'M. Karlsson', 22, 'Sweden', 'Right', 'Normal', '6''1', '176lbs'),
(245171, 'H. Andersson', 16, 'Sweden', 'Right', 'Normal', '6''3', '150lbs'),
(245723, 'S. Gustafsson', 18, 'Sweden', 'Right', 'Normal', '6''2', '170lbs'),
(244741, 'O. Kåhed', 19, 'Sweden', 'Right', 'Lean', '5''7', '141lbs'),
(243338, 'A. Bark', 17, 'Sweden', 'Right', 'Lean', '5''10', '143lbs'),
(243621, 'N. Ayéva', 16, 'Sweden', 'Right', 'Normal', '5''10', '154lbs'),
(213612, 'H. Aiesh', 23, 'Sweden', 'Right', 'Lean', '5''11', '159lbs'),
(204220, 'C. Edwards', 24, 'England', 'Right', 'Lean', '5''11', '154lbs'),
(208432, 'T. Pettersson', 28, 'Sweden', 'Left', NULL, '6''3', '183lbs'),
(231502, 'J. Hopcutt', 26, 'England', 'Right', 'Normal', '5''11', '163lbs'),
(204644, 'S. Kroon', 25, 'Sweden', NULL, 'Lean', '6''0', '161lbs'),
(231500, 'D. Widgren', 24, 'Sweden', 'Left', 'Lean', '5''11', '165lbs'),
(227835, 'T. Tekie', 21, 'Sweden', 'Right', 'Lean', '5''9', '130lbs'),
(219950, 'N. Sonko Sundberg', 22, 'Sweden', 'Right', 'Normal', '6''2', '185lbs'),
(231489, 'A. Keita', 31, 'Guinea', 'Right', 'Normal', '6''1', '165lbs'),
(231498, 'D. Bergqvist', 25, 'Sweden', 'Right', 'Stocky', '6''1', '192lbs'),
(228299, 'R. Amin', 22, 'Netherlands', 'Right', 'Normal', '5''10', '165lbs'),
(206585, 'Kepa', 23, 'Spain', 'Right', 'Lean', '6''1', '187lbs'),
(246430, 'D. Vlahovic', 18, 'Serbia', 'Left', 'Normal', '6''3', '176lbs'),
(238794, 'Vinícius Júnior', 17, 'Brazil', 'Right', 'Lean', '5''9', '161lbs');

-- INSERT INTO player_attributes
INSERT INTO player_attributes (player_id, overall, potential, international_reputation, weak_foot, skill_moves, work_rate, position, heading_accuracy, dribbling, agility, penalties) VALUES
(211920, 71, 71, 1, 4, 2, 'High/ High', 'RS', 72, 62, 67, 63),
(156437, 70, 70, 1, 3, 1, 'Medium/ Medium', 'GK', 30, 25, 33, 25),
(193679, 70, 70, 1, 4, 2, 'Medium/ Medium', 'LCB', 67, 58, 63, 37),
(218534, 70, 73, 1, 3, 3, 'High/ Medium', 'LS', 62, 75, 76, 60),
(225939, 69, 70, 1, 4, 3, 'High/ Medium', 'LAM', 59, 73, 79, 67),
(209194, 68, 68, 1, 3, 2, 'Low/ Medium', 'CB', 62, 25, 39, 26),
(238666, 68, 71, 1, 2, 2, 'High/ Medium', 'LB', 39, 61, 85, 34),
(210004, 68, 71, 1, 3, 3, 'Medium/ Medium', 'RB', 63, 63, 70, 46),
(213644, 68, 70, 1, 3, 3, 'High/ High', 'RDM', 55, 61, 72, 63),
(205455, 68, 69, 1, 2, 1, 'Medium/ Medium', 'GK', 13, 15, 38, 19),
(208637, 68, 70, 1, 4, 3, 'High/ Medium', 'CDM', 54, 65, 78, 63),
(238594, 67, 70, 1, 4, 2, 'High/ Medium', 'CM', 52, 60, 82, 62),
(238642, 67, 73, 1, 3, 2, 'Medium/ Medium', 'ST', 62, 63, 60, 61),
(229277, 67, 73, 1, 3, 2, 'Medium/ Medium', 'LB', 64, 60, 62, 42),
(229923, 66, 72, 1, 3, 3, 'Medium/ Medium', 'RAM', 55, 73, 78, 57),
(165176, 66, 66, 1, 3, 2, 'Medium/ Medium', 'LM', 62, 65, 66, 61),
(221024, 66, 75, 1, 3, 2, 'Medium/ Medium', 'RCB', 59, 49, 52, 36),
(208983, 65, 65, 1, 4, 3, 'Medium/ Medium', 'RB', 50, 65, 78, 45),
(204637, 65, 66, 1, 3, 3, 'Medium/ Medium', 'LM', 58, 69, 75, 67),
(238780, 65, 72, 1, 3, 2, 'Medium/ Medium', 'CB', 68, 40, 33, 29),
(239121, 64, 64, 1, 3, 2, 'Medium/ Medium', 'ST', 68, 48, 55, 63),
(244280, 64, 79, 1, 4, 3, 'Medium/ Medium', 'LDM', 65, 58, 55, 47),
(176592, 64, 64, 1, 3, 2, 'Medium/ Medium', 'CB', 72, 38, 31, 27),
(238667, 63, 69, 1, 3, 2, 'Medium/ Medium', 'CB', 56, 25, 56, 40),
(240027, 63, 67, 1, 4, 3, 'Medium/ Medium', 'ST', 39, 74, 78, 48),
(238669, 61, 69, 1, 2, 2, 'Medium/ High', 'CB', 64, 32, 31, 30),
(239494, 61, 72, 1, 3, 2, 'Medium/ Medium', 'CM', 62, 57, 53, 40),
(228510, 58, 61, 1, 2, 2, 'Medium/ Medium', 'ST', 63, 57, 45, 62),
(240218, 52, 60, 1, 2, 1, 'Medium/ Medium', 'GK', 10, 11, 29, 10),
(229092, 76, 81, 1, 3, 4, 'High/ Low', 'RM', 45, 79, 89, 53),
(199601, 75, 79, 1, 4, 3, 'Medium/ Medium', 'CDM', 76, 74, 69, 66),
(162503, 74, 74, 1, 4, 3, 'Medium/ Medium', 'ST', 83, 63, 72, 53),
(175897, 72, 72, 1, 2, 1, 'Medium/ Medium', 'GK', 10, 12, 55, 22),
(211815, 72, 72, 1, 3, 3, 'Medium/ Medium', 'RM', 43, 75, 79, 56),
(183769, 72, 72, 1, 3, 2, 'Medium/ High', 'RDM', 62, 62, 67, 61),
(209372, 72, 76, 1, 3, 3, 'Medium/ Medium', 'CAM', 39, 72, 77, 59),
(181236, 71, 71, 1, 4, 3, 'Medium/ Medium', 'CAM', 60, 67, 67, 66),
(204121, 70, 73, 1, 3, 2, 'Medium/ Medium', 'CB', 72, 56, 61, 49),
(244628, 70, 78, 1, 3, 3, 'High/ Medium', 'LM', 68, 70, 73, 72),
(219046, 69, 75, 1, 3, 3, 'Medium/ Medium', 'LB', 48, 68, 71, 66),
(169464, 69, 69, 1, 2, 3, 'Medium/ Medium', 'LB', 69, 73, 75, 49),
(209746, 68, 69, 1, 2, 3, 'High/ Medium', 'RB', 50, 67, 77, 50),
(178077, 68, 68, 1, 2, 2, 'High/ Medium', 'LB', 58, 62, 68, 47),
(191192, 68, 71, 1, 2, 3, 'Medium/ Medium', 'CDM', 64, 70, 53, 65),
(223195, 68, 68, 1, 2, 2, 'Low/ High', 'RB', 65, 62, 57, 54),
(223710, 68, 74, 1, 4, 2, 'Medium/ Medium', 'ST', 73, 60, 49, 67),
(229637, 67, 76, 1, 2, 1, 'Medium/ Medium', 'GK', 13, 15, 49, 21),
(126883, 67, 67, 1, 3, 3, 'Medium/ Medium', 'CDM', 60, 66, 77, 51),
(223306, 66, 73, 1, 2, 2, 'High/ Medium', 'CB', 62, 53, 60, 36),
(211987, 65, 72, 1, 3, 3, 'Medium/ Medium', 'LDM', 50, 67, 65, 44),
(235890, 65, 68, 1, 3, 2, 'Low/ Medium', 'LCB', 66, 54, 64, 55),
(235891, 65, 65, 1, 4, 2, 'Medium/ Medium', 'RB', 51, 62, 60, 44),
(229638, 62, 73, 1, 2, 1, 'Medium/ Medium', 'GK', 14, 19, 44, 19),
(227502, 60, 68, 1, 2, 2, 'High/ Low', 'ST', 62, 52, 66, 61),
(236563, 59, 74, 1, 3, 3, 'High/ Low', 'LM', 50, 66, 61, 60),
(245431, 59, 62, 1, 2, 1, 'Medium/ Medium', 'GK', 12, 13, 26, 18),
(245410, 58, 73, 1, 3, 2, 'Medium/ Medium', 'CB', 57, 32, 47, 41),
(236564, 56, 65, 1, 2, 2, 'Medium/ Medium', 'CDM', 59, 57, 55, 52),
(237559, 56, 72, 1, 2, 2, 'Medium/ Medium', 'CDM', 55, 60, 56, 54),
(197240, 71, 72, 1, 3, 3, 'High/ Medium', 'CAM', 43, 71, 78, 62),
(190669, 68, 70, 1, 2, 1, 'Medium/ Medium', 'GK', 16, 16, 28, 23),
(181013, 67, 67, 1, 2, 3, 'Medium/ Medium', 'LCM', 34, 67, 68, 60),
(197941, 66, 66, 1, 4, 3, 'High/ Medium', 'ST', 58, 66, 90, 69),
(181298, 65, 65, 1, 2, 2, 'Medium/ Medium', 'CB', 62, 34, 54, 28),
(231488, 65, 65, 1, 2, 3, 'Medium/ Low', 'RW', 41, 74, 75, 45),
(197983, 65, 65, 1, 3, 2, 'Medium/ Medium', 'LCB', 59, 55, 67, 58),
(237538, 65, 69, 1, 4, 2, 'High/ Medium', 'LW', 59, 62, 74, 45),
(188970, 64, 64, 1, 4, 2, 'Medium/ High', 'RCM', 52, 56, 69, 54),
(199774, 64, 64, 1, 2, 3, 'Medium/ Medium', 'RW', 46, 64, 72, 56),
(233213, 64, 71, 1, 3, 2, 'Medium/ Medium', 'RCB', 66, 38, 50, 30),
(221206, 63, 63, 1, 1, 2, 'High/ Medium', 'RWB', 36, 58, 70, 40),
(226654, 63, 71, 1, 1, 2, 'Medium/ Medium', 'LWB', 40, 59, 76, 34),
(236047, 62, 62, 1, 4, 2, 'Medium/ Medium', 'LWB', 46, 52, 68, 38),
(220970, 61, 61, 1, 2, 2, 'Medium/ Medium', 'ST', 56, 55, 64, 61),
(238703, 61, 72, 1, 2, 2, 'Medium/ Medium', 'CB', 65, 36, 51, 29),
(240364, 59, 67, 1, 3, 2, 'Medium/ Medium', 'ST', 55, 62, 56, 46),
(245362, 58, 66, 1, 3, 2, 'Medium/ Medium', 'CB', 47, 34, 43, 25),
(241955, 56, 64, 1, 3, 2, 'Medium/ Medium', 'CM', 31, 57, 73, 35),
(243051, 56, 65, 1, 3, 2, 'Medium/ Medium', 'LW', 44, 58, 77, 52),
(234950, 56, 64, 1, 2, 3, 'Medium/ Low', 'LW', 26, 61, 79, 31),
(242262, 55, 62, 1, 2, 1, 'Medium/ Medium', 'GK', 14, 10, 25, 14),
(245171, 55, 70, 1, 2, 2, 'Medium/ Medium', 'CB', 58, 28, 47, 33),
(245723, 53, 69, 1, 2, 1, 'Medium/ Medium', 'GK', 12, 12, 68, 10),
(244741, 52, 64, 1, 2, 2, 'Medium/ Medium', 'RWB', 44, 52, 58, 42),
(243338, 51, 66, 1, 2, 2, 'Medium/ Low', 'ST', 40, 54, 74, 48),
(243621, 48, 72, 1, 3, 2, 'Medium/ Medium', 'ST', 42, 50, 63, 60),
(213612, 69, 74, 1, 4, 3, 'Medium/ High', 'LW', 34, 77, 84, 42),
(204220, 69, 73, 1, 4, 3, 'High/ Medium', 'RCM', 53, 64, 76, 49),
(208432, 68, 69, 1, 2, 2, 'Medium/ Medium', 'LCB', 73, 55, 57, 44),
(231502, 67, 70, 1, 3, 3, 'High/ Medium', 'CF', 46, 67, 80, 52),
(204644, 67, 70, 1, 3, 3, 'Medium/ Low', 'RM', 41, 70, 81, 58),
(231500, 66, 70, 1, 1, 2, 'Medium/ Medium', 'LB', 58, 61, 71, 38),
(227835, 66, 72, 1, 3, 3, 'Medium/ Medium', 'LCM', 20, 72, 92, 48),
(219950, 65, 72, 1, 3, 2, 'Medium/ Medium', 'RCB', 66, 43, 56, 39),
(231489, 65, 65, 1, 2, 1, 'Medium/ Medium', 'GK', 13, 9, 36, 18),
(231498, 65, 69, 1, 4, 2, 'Medium/ Medium', 'CM', 69, 53, 51, 35),
(228299, 65, 72, 1, 4, 3, 'Medium/ Medium', 'CM', 45, 64, 73, 49),
(206585, 83, 91, 1, 4, 1, 'Medium/ Medium', 'GK', 17, 10, 41, 24),
(246430, 61, 80, 1, 3, 2, 'Medium/ Medium', 'ST', 62, 55, 55, 65),
(238794, 77, 92, 1, 4, 5, 'High/ Medium', 'LW', 50, 81, 90, 65);

-- INSERT INTO player_contracts
INSERT INTO player_contracts (player_id, club_id, joined, contract_valid_until, jersey_number, value, wage, release_clause) VALUES
(246430, NULL, '2018-06-26', 2025, 28, 525000, 5000, NULL),
(238794, 'CL473', '2018-12-07', 2025, 28, 17500000, 66000, 46800000),
(206585, 'CL137', '2018-08-08', 2025, 13, 28500000, 84000, 58400000),
(162503, 'CL112', '2018-08-31', 2019, 9, 5500000, 15000, 11000000),
(126883, 'CL112', '2018-01-31', 2020, 5, 525000, 5000, 1100000),
(245171, 'CL423', '2018-01-29', 2020, 46, 160000, 1000, 300000),
(204644, 'CL427', '2018-07-27', 2021, 21, 950000, 2000, 1300000),
(245723, 'CL423', '2018-08-23', 2019, 55, 100000, 1000, 188000),
(175897, 'CL112', '2018-07-23', 2021, 1, 2100000, 9000, 4200000),
(169464, 'CL112', '2018-07-23', 2020, 2, 825000, 7000, 1700000),
(244741, 'CL423', '2018-07-20', 2018, 49, 80000, 1000, 116000),
(204637, 'CL1', '2018-07-18', 2020, 10, 625000, 3000, 1000000),
(243621, 'CL423', '2018-05-18', 2020, 23, 70000, 1000, 158000),
(223710, 'CL112', '2018-01-17', 2020, 94, 1200000, 6000, 2700000),
(183769, 'CL112', '2018-07-16', 2019, 21, 950000, 10000, 1900000),
(243051, 'CL423', '2018-03-15', 2019, 45, 140000, 1000, 203000),
(209372, 'CL112', '2018-07-14', 2021, 11, 4000000, 11000, 8300000),
(241955, 'CL423', '2017-12-30', 2020, 21, 130000, 1000, NULL),
(240218, 'CL1', '2017-07-29', 2019, 32, 60000, 1000, 105000),
(211815, 'CL112', '2017-01-24', 2020, 20, 3000000, 12000, 6100000),
(165176, 'CL1', '2017-08-19', 2019, 11, 400000, 4000, 620000),
(236563, 'CL112', '2016-08-30', 2020, 58, 350000, 2000, 919000),
(191192, 'CL112', '2016-08-29', 2019, 8, 925000, 6000, 1900000),
(235890, 'CL112', '2016-06-28', 2019, 17, 550000, 4000, 1100000),
(220970, 'CL423', '2016-07-27', 2018, 9, 260000, 1000, 325000),
(181298, 'CL423', '2016-01-25', 2021, 14, 400000, 2000, 500000),
(204220, 'CL427', '2016-07-23', 2018, 17, 1300000, 3000, 1800000),
(243338, 'CL423', '2016-12-22', 2019, 48, 70000, 1000, 131000),
(231488, 'CL423', '2016-07-15', 2019, 29, 575000, 2000, 719000),
(238666, 'CL1', '2016-01-13', 2022, 3, 925000, 4000, 1500000),
(219046, 'CL112', '2015-08-31', 2020, 29, 1200000, 6000, 2700000),
(181013, 'CL423', '2015-01-28', 2019, 25, 375000, 2000, 469000),
(227502, 'CL112', '2015-01-23', 2019, 38, 300000, 2000, 660000),
(229638, NULL, '2015-02-18', 2022, 30, 400000, 1000, 880000),
(231489, 'CL427', '2013-11-22', 2019, 1, 325000, 1000, NULL),
(223195, 'CL112', '2012-06-30', 2023, 77, 675000, 6000, 1400000),
(245362, 'CL423', '2018-11-08', 2022, 5, 160000, 1000, 232000),
(228299, 'CL427', '2018-11-08', 2021, 5, 750000, 2000, 1100000),
(229923, 'CL1', '2018-11-05', 2021, 22, 875000, 3000, 1500000),
(199774, 'CL423', '2018-10-08', 2021, 7, 425000, 2000, 531000),
(209746, 'CL112', '2018-08-01', 2019, 44, 850000, 6000, 1800000),
(219950, 'CL427', '2018-08-01', 2021, 77, 650000, 1000, 943000),
(239121, 'CL1', '2018-04-01', 2020, 25, 475000, 3000, 736000),
(193679, 'CL1', '2018-01-07', 2020, 14, 1400000, 7000, 2100000),
(238594, 'CL1', '2018-01-07', 2020, 26, 925000, 4000, 1500000),
(238780, 'CL1', '2018-01-07', 2020, 5, 650000, 3000, 1100000),
(244628, 'CL112', '2018-01-07', 2021, 18, 2700000, 8000, 5800000),
(245431, 'CL112', '2018-01-07', 2021, 48, 140000, 2000, 291000),
(245410, 'CL112', '2018-01-07', 2021, 3, 250000, 1000, 656000),
(221206, 'CL423', '2018-01-01', 2020, 2, 280000, 1000, 350000),
(236047, 'CL423', '2018-01-01', 2020, 23, 240000, 1000, 300000),
(242262, 'CL423', '2018-01-01', 2019, 30, 90000, 1000, NULL),
(178077, 'CL112', '2017-12-07', 2019, 54, 650000, 6000, 1300000),
(237559, 'CL112', '2017-12-01', 2021, 55, 180000, 1000, 473000),
(208432, 'CL427', '2017-08-01', 2019, 2, 825000, 3000, 1100000),
(197941, 'CL423', '2017-06-03', 2018, 77, 650000, 2000, 813000),
(240364, 'CL423', '2017-04-08', 2021, 18, 230000, 1000, 334000),
(205455, 'CL1', '2017-03-08', 2020, 33, 725000, 4000, 1200000),
(218534, 'CL1', '2017-01-07', 2021, 23, 2300000, 7000, 3700000),
(238642, 'CL1', '2017-01-07', 2019, 21, 1100000, 4000, 1900000),
(238667, 'CL1', '2017-01-07', 2019, 24, 425000, 2000, 744000),
(240027, 'CL1', '2017-01-07', 2021, 7, 500000, 2000, 813000),
(237538, 'CL423', '2017-01-01', 2019, 20, 675000, 2000, 894000),
(188970, 'CL423', '2017-01-01', 2019, 17, 425000, 2000, 531000),
(197240, 'CL423', '2016-11-08', 2018, 10, 2700000, 4000, 3600000),
(210004, 'CL1', '2016-08-10', 2021, 6, 925000, 4000, 1500000),
(228510, NULL, '2016-08-01', 2019, 34, 160000, 2000, 260000),
(234950, 'CL423', '2016-05-07', 2021, 11, 130000, 1000, 189000),
(236564, 'CL112', '2016-03-01', 2022, 36, 120000, 2000, NULL),
(238703, 'CL423', '2016-01-12', 2019, 4, 375000, 1000, 544000),
(197983, 'CL423', '2016-01-08', 2019, 15, 220000, 2000, 275000),
(211920, 'CL1', '2016-01-07', 2020, 15, 1900000, 9000, 2900000),
(235891, 'CL112', '2016-01-07', 2019, 27, 425000, 4000, 850000),
(208637, 'CL1', '2015-11-08', 2021, 18, 875000, 5000, 1400000),
(229092, 'CL112', '2015-10-01', 2020, 50, 10500000, 13000, 21800000),
(156437, 'CL1', '2015-01-07', 2019, 1, 900000, 5000, 1400000),
(225939, 'CL1', '2015-01-07', 2020, 9, 1200000, 6000, 2000000),
(199601, 'CL112', '2015-01-07', 2022, 35, 7000000, 13000, 14500000),
(229637, 'CL112', '2015-01-07', 2019, 19, 900000, 3000, 2000000),
(211987, 'CL112', '2015-01-07', 2020, 6, 650000, 3000, 1400000),
(226654, 'CL423', '2015-01-01', 2018, 19, 450000, 1000, 653000),
(213612, 'CL427', '2015-01-01', 2020, 10, 1400000, 3000, 1900000),
(231498, 'CL427', '2014-10-02', 2019, 6, 600000, 2000, 795000),
(176592, 'CL1', '2014-09-10', 2020, 16, 300000, 3000, 465000),
(213644, 'CL1', '2014-07-07', 2020, 8, 900000, 5000, 1500000),
(238669, 'CL1', '2014-01-07', 2019, 13, 325000, 2000, NULL),
(190669, 'CL423', '2013-01-01', 2020, 1, 725000, 2000, 961000),
(231502, 'CL427', '2012-09-01', 2019, 8, 975000, 3000, 1300000),
(209194, 'CL1', '2010-01-07', 2020, 28, 700000, 5000, 1100000),
(231500, 'CL427', '2010-01-01', 2018, 19, 700000, 2000, 928000),
(208983, 'CL1', '2007-01-07', 2020, 17, 425000, 3000, 659000);

-- Question 1 – Query optimisation
-- a) Write an SQL query that retrieves all values for all attributes on the table player_attributes.
EXPLAIN ANALYZE
SELECT * 
FROM player_attributes;

-- b) Now, write an optimised version that:
-- selects only 3 (three) attributes & selects only the first 20 rows of the table.
EXPLAIN ANALYZE
SELECT player_id, overall, potential
FROM player_attributes
LIMIT 20;

-- c) Compare how long it takes to run each of the two queries you wrote in parts A and B.
-- The first query scans the whole player_attributes table and returns every column,
-- processing much more data. The optimised query only reads three columns and
-- limits the result to 20 rows, so the amount of data read and sent is smaller and
-- the execution time is shorter.


-- Question 2 – Subqueries x JOINs
-- a) Using a subquery (no JOINs), write a query that returns player_id and
-- player_name for all players who have a contract.
EXPLAIN ANALYZE
SELECT player_id, player_name
FROM players
WHERE player_id IN (
    SELECT DISTINCT player_id 
    FROM player_contracts
    WHERE player_id IS NOT NULL
);

-- b) Rewrite the same query using JOINs instead of a subquery.
EXPLAIN ANALYZE
SELECT DISTINCT p.player_id, p.player_name
FROM players p
INNER JOIN player_contracts pc ON p.player_id = pc.player_id; 

-- c) Compare how long it takes to run each of the two queries you wrote in parts A and B.
-- The subquery version may need to evaluate the IN list and can be slower on large tables.
-- The JOIN version can use indexes on playercontracts.playerid and tends to perform better,
-- especially when combined with DISTINCT to avoid duplicates.


-- Question 3 – Common Table Expression (CTE)
-- Write a query using a CTE that computes the average of the attribute overall per club.
-- Run a SELECT query to retrieve the data from the CTE, showing two columns:
-- the club name and the average overall attribute.
WITH club_averages AS (
    SELECT 
        pc.club_id,
        AVG(pa.overall) AS avg_overall
    FROM player_contracts pc
    INNER JOIN player_attributes pa ON pc.player_id = pa.player_id
    WHERE pc.club_id IS NOT NULL
    GROUP BY pc.club_id
)
SELECT 
    c.club_name,
    ROUND(ca.avg_overall, 2) AS average_overall
FROM club_averages ca
INNER JOIN clubs c ON ca.club_id = c.club_id
ORDER BY average_overall DESC;